2025-09-20,Alhamdulillah hari ini lancar dalam pekerjaan.
"2025-09-21,""Hari ini sedikit stres, tapi tetap bersyukur."""
2025-09-22,Senang bisa membantu teman hari ini.
2025-09-23,Merasa cemas tapi mencoba sabar.
"2025-09-24,""Biasa saja, hanya menjalani hari."""
2025-09-25,Hari penuh kebahagiaan dan syukur.
2025-09-26,Sedih tapi tetap bersyukur atas nikmat Allah.
2025-09-27,Hari ini produktif dan penuh energi.
2025-09-28,Cemas tapi berusaha berdoa lebih banyak.
2025-09-29,Hari biasa tapi penuh introspeksi.
2025-09-30,hari ini menyenangkan!
2025-10-04,"Hari ini ada presentasi menakutkan, aku cemas"
2025-10-04,senang sekali dapat kabar baik hari ini!
2025-10-04,Alhamdulillah
